"concept_set_id","name","concept_id","concept_code","concept_name","domain","vocabulary","standard_concept","valid_start_date","valid_end_date"
6,"propylthiouracil",35786388,"OMOP2787849","100 ML Propylthiouracil 10 MG/ML Oral Solution","Drug","RxNorm Extension","S","2017-08-23","2099-12-30"
6,"propylthiouracil",21039740,"OMOP322541","100 ML Propylthiouracil 10 MG/ML Oral Suspension","Drug","RxNorm Extension","S","2017-08-23","2099-12-30"
6,"propylthiouracil",21096991,"OMOP295316","1 ML Propylthiouracil 10 MG/ML Oral Solution","Drug","RxNorm Extension","S","2017-08-23","2099-12-30"
6,"propylthiouracil",21096992,"OMOP295318","1 ML Propylthiouracil 10 MG/ML Oral Suspension","Drug","RxNorm Extension","S","2017-08-23","2099-12-30"
6,"propylthiouracil",21028316,"OMOP295336","1 ML Propylthiouracil 20 MG/ML Oral Solution","Drug","RxNorm Extension","S","2017-08-23","2099-12-30"
6,"propylthiouracil",21087198,"OMOP295338","1 ML Propylthiouracil 20 MG/ML Oral Suspension","Drug","RxNorm Extension","S","2017-08-23","2099-12-30"
6,"propylthiouracil",21096993,"OMOP295333","1 ML Propylthiouracil 30 MG/ML Oral Suspension","Drug","RxNorm Extension","S","2017-08-23","2099-12-30"
6,"propylthiouracil",21028314,"OMOP295320","1 ML Propylthiouracil 40 MG/ML Oral Solution","Drug","RxNorm Extension","S","2017-08-23","2099-12-30"
6,"propylthiouracil",21047955,"OMOP295322","1 ML Propylthiouracil 40 MG/ML Oral Suspension","Drug","RxNorm Extension","S","2017-08-23","2099-12-30"
6,"propylthiouracil",21146078,"OMOP295325","1 ML Propylthiouracil 4 MG/ML Oral Solution","Drug","RxNorm Extension","S","2017-08-23","2099-12-30"
6,"propylthiouracil",21067595,"OMOP295327","1 ML Propylthiouracil 4 MG/ML Oral Suspension","Drug","RxNorm Extension","S","2017-08-23","2099-12-30"
6,"propylthiouracil",21136212,"OMOP295329","1 ML Propylthiouracil 5 MG/ML Oral Solution","Drug","RxNorm Extension","S","2017-08-23","2099-12-30"
6,"propylthiouracil",21077481,"OMOP295331","1 ML Propylthiouracil 5 MG/ML Oral Suspension","Drug","RxNorm Extension","S","2017-08-23","2099-12-30"
6,"propylthiouracil",1554072,"8794","propylthiouracil","Drug","RxNorm","S","1969-12-31","2099-12-30"
6,"propylthiouracil",19090700,"334103","propylthiouracil 100 MG","Drug","RxNorm","S","1969-12-31","2099-12-30"
6,"propylthiouracil",1554074,"245269","propylthiouracil 100 MG Oral Tablet","Drug","RxNorm","S","1969-12-31","2099-12-30"
6,"propylthiouracil",41209316,"OMOP2407278","Propylthiouracil 100 MG Oral Tablet Box of 20","Drug","RxNorm Extension","S","2017-08-23","2099-12-30"
6,"propylthiouracil",40834453,"OMOP2032415","Propylthiouracil 100 MG Oral Tablet Box of 250","Drug","RxNorm Extension","S","2017-08-23","2099-12-30"
6,"propylthiouracil",36943935,"OMOP5197063","propylthiouracil 100 MG Oral Tablet Box of 56","Drug","RxNorm Extension","S","2023-05-21","2099-12-30"
6,"propylthiouracil",36928149,"OMOP5197065","propylthiouracil 100 MG Oral Tablet Box of 56 by A A H","Drug","RxNorm Extension","S","2023-05-21","2099-12-30"
6,"propylthiouracil",36929897,"OMOP5197064","propylthiouracil 100 MG Oral Tablet Box of 56 by Alliance","Drug","RxNorm Extension","S","2023-05-21","2099-12-30"
6,"propylthiouracil",36947049,"OMOP5197067","propylthiouracil 100 MG Oral Tablet Box of 56 by Macleods","Drug","RxNorm Extension","S","2023-05-21","2099-12-30"
6,"propylthiouracil",36942219,"OMOP5197066","propylthiouracil 100 MG Oral Tablet Box of 56 by Morningside","Drug","RxNorm Extension","S","2023-05-21","2099-12-30"
6,"propylthiouracil",36926878,"OMOP5197060","propylthiouracil 100 MG Oral Tablet by A A H","Drug","RxNorm Extension","S","2023-05-21","2099-12-30"
6,"propylthiouracil",36957182,"OMOP5197059","propylthiouracil 100 MG Oral Tablet by Alliance","Drug","RxNorm Extension","S","2023-05-21","2099-12-30"
6,"propylthiouracil",36920622,"OMOP5197062","propylthiouracil 100 MG Oral Tablet by Macleods","Drug","RxNorm Extension","S","2023-05-21","2099-12-30"
6,"propylthiouracil",36951572,"OMOP5197061","propylthiouracil 100 MG Oral Tablet by Morningside","Drug","RxNorm Extension","S","2023-05-21","2099-12-30"
6,"propylthiouracil",44098650,"OMOP1093281","Propylthiouracil 100 MG Oral Tablet [Propyl-Thyracil]","Drug","RxNorm Extension","S","2017-08-23","2099-12-30"
6,"propylthiouracil",44062578,"OMOP1057209","Propylthiouracil 100 MG Oral Tablet [Propyl-Thyracil] by Paladin","Drug","RxNorm Extension","S","2017-08-23","2099-12-30"
6,"propylthiouracil",2054705,"OMOP4955460","propylthiouracil 100 MG Oral Tablet [PRORACIL]","Drug","RxNorm Extension","S","2020-07-30","2099-12-30"
6,"propylthiouracil",2054706,"OMOP4955461","propylthiouracil 100 MG Oral Tablet [PRORACIL] by Dalim Biotech","Drug","RxNorm Extension","S","2020-07-30","2099-12-30"
6,"propylthiouracil",40903342,"OMOP2101304","Propylthiouracil 100 MG Oral Tablet [Thyreostat]","Drug","RxNorm Extension","S","2017-08-23","2099-12-30"
6,"propylthiouracil",40934576,"OMOP2132538","Propylthiouracil 100 MG Oral Tablet [Thyreostat] Box of 20","Drug","RxNorm Extension","S","2017-08-23","2099-12-30"
6,"propylthiouracil",41308995,"OMOP2506957","Propylthiouracil 100 MG Oral Tablet [Thyreostat] Box of 250","Drug","RxNorm Extension","S","2017-08-23","2099-12-30"
6,"propylthiouracil",44040970,"OMOP1035601","Propylthiouracil 100 MG [Propyl-Thyracil]","Drug","RxNorm Extension","S","2017-08-23","2099-12-30"
6,"propylthiouracil",2054707,"OMOP4955462","propylthiouracil 100 MG [PRORACIL]","Drug","RxNorm Extension","S","2020-07-30","2099-12-30"
6,"propylthiouracil",40749162,"OMOP4708530","Propylthiouracil 100 MG Rectal Suppository","Drug","RxNorm Extension","S","2018-06-03","2099-12-30"
6,"propylthiouracil",40749161,"OMOP4708531","Propylthiouracil 100 MG Rectal Suppository Box of 1","Drug","RxNorm Extension","S","2018-06-03","2099-12-30"
6,"propylthiouracil",40952780,"OMOP2150742","Propylthiouracil 100 MG [Thyreostat]","Drug","RxNorm Extension","S","2017-08-23","2099-12-30"
6,"propylthiouracil",21044135,"OMOP388892","Propylthiouracil 10 MG/ML","Drug","RxNorm Extension","S","2017-08-23","2099-12-30"
6,"propylthiouracil",21132311,"OMOP388893","Propylthiouracil 10 MG/ML Oral Solution","Drug","RxNorm Extension","S","2017-08-23","2099-12-30"
6,"propylthiouracil",21073668,"OMOP388895","Propylthiouracil 10 MG/ML Oral Suspension","Drug","RxNorm Extension","S","2017-08-23","2099-12-30"
6,"propylthiouracil",19111624,"451106","propylthiouracil 200 MG","Drug","RxNorm","S","1969-12-31","2099-12-30"
6,"propylthiouracil",19106672,"429261","propylthiouracil 200 MG Oral Tablet","Drug","RxNorm","S","1969-12-31","2099-12-30"
6,"propylthiouracil",21024516,"OMOP388917","Propylthiouracil 20 MG/ML","Drug","RxNorm Extension","S","2017-08-23","2099-12-30"
6,"propylthiouracil",21063756,"OMOP388918","Propylthiouracil 20 MG/ML Oral Solution","Drug","RxNorm Extension","S","2017-08-23","2099-12-30"
6,"propylthiouracil",21034221,"OMOP388920","Propylthiouracil 20 MG/ML Oral Suspension","Drug","RxNorm Extension","S","2017-08-23","2099-12-30"
6,"propylthiouracil",19111625,"451109","propylthiouracil 25 MG","Drug","RxNorm","S","1969-12-31","2099-12-30"
6,"propylthiouracil",19106673,"429262","propylthiouracil 25 MG Oral Tablet","Drug","RxNorm","S","1969-12-31","2099-12-30"
6,"propylthiouracil",40896758,"OMOP2094720","Propylthiouracil 25 MG Oral Tablet Box of 100","Drug","RxNorm Extension","S","2017-08-23","2099-12-30"
6,"propylthiouracil",41209315,"OMOP2407277","Propylthiouracil 25 MG Oral Tablet Box of 20","Drug","RxNorm Extension","S","2017-08-23","2099-12-30"
6,"propylthiouracil",41271135,"OMOP2469097","Propylthiouracil 25 MG Oral Tablet Box of 250","Drug","RxNorm Extension","S","2017-08-23","2099-12-30"
6,"propylthiouracil",36962931,"OMOP5197049","propylthiouracil 25 MG Oral Tablet Box of 28","Drug","RxNorm Extension","S","2023-05-21","2099-12-30"
6,"propylthiouracil",36925161,"OMOP5197051","propylthiouracil 25 MG Oral Tablet Box of 28 by A A H","Drug","RxNorm Extension","S","2023-05-21","2099-12-30"
6,"propylthiouracil",36953514,"OMOP5197050","propylthiouracil 25 MG Oral Tablet Box of 28 by Alliance","Drug","RxNorm Extension","S","2023-05-21","2099-12-30"
6,"propylthiouracil",36930790,"OMOP5197052","propylthiouracil 25 MG Oral Tablet Box of 28 by Macleods","Drug","RxNorm Extension","S","2023-05-21","2099-12-30"
6,"propylthiouracil",40927761,"OMOP2125723","Propylthiouracil 25 MG Oral Tablet Box of 40","Drug","RxNorm Extension","S","2017-08-23","2099-12-30"
6,"propylthiouracil",40834452,"OMOP2032414","Propylthiouracil 25 MG Oral Tablet Box of 50","Drug","RxNorm Extension","S","2017-08-23","2099-12-30"
6,"propylthiouracil",36928423,"OMOP5197047","propylthiouracil 25 MG Oral Tablet by A A H","Drug","RxNorm Extension","S","2023-05-21","2099-12-30"
6,"propylthiouracil",36967110,"OMOP5197046","propylthiouracil 25 MG Oral Tablet by Alliance","Drug","RxNorm Extension","S","2023-05-21","2099-12-30"
6,"propylthiouracil",36949750,"OMOP5197048","propylthiouracil 25 MG Oral Tablet by Macleods","Drug","RxNorm Extension","S","2023-05-21","2099-12-30"
6,"propylthiouracil",41308994,"OMOP2506956","Propylthiouracil 25 MG Oral Tablet [Thyreostat]","Drug","RxNorm Extension","S","2017-08-23","2099-12-30"
6,"propylthiouracil",41246932,"OMOP2444894","Propylthiouracil 25 MG Oral Tablet [Thyreostat] Box of 100","Drug","RxNorm Extension","S","2017-08-23","2099-12-30"
6,"propylthiouracil",41227149,"OMOP2425111","Propylthiouracil 25 MG Oral Tablet [Thyreostat] Box of 100 by Berlin-Chemie","Drug","RxNorm Extension","S","2017-08-23","2099-12-30"
6,"propylthiouracil",41102044,"OMOP2300006","Propylthiouracil 25 MG Oral Tablet [Thyreostat] Box of 100 by Riemser","Drug","RxNorm Extension","S","2017-08-23","2099-12-30"
6,"propylthiouracil",40997036,"OMOP2194998","Propylthiouracil 25 MG Oral Tablet [Thyreostat] Box of 20","Drug","RxNorm Extension","S","2017-08-23","2099-12-30"
6,"propylthiouracil",41320404,"OMOP2518366","Propylthiouracil 25 MG Oral Tablet [Thyreostat] Box of 20 by Riemser","Drug","RxNorm Extension","S","2017-08-23","2099-12-30"
6,"propylthiouracil",41277771,"OMOP2475733","Propylthiouracil 25 MG Oral Tablet [Thyreostat] Box of 250","Drug","RxNorm Extension","S","2017-08-23","2099-12-30"
6,"propylthiouracil",41153578,"OMOP2351540","Propylthiouracil 25 MG Oral Tablet [Thyreostat] Box of 40","Drug","RxNorm Extension","S","2017-08-23","2099-12-30"
6,"propylthiouracil",41308993,"OMOP2506955","Propylthiouracil 25 MG Oral Tablet [Thyreostat] Box of 50","Drug","RxNorm Extension","S","2017-08-23","2099-12-30"
6,"propylthiouracil",40821899,"OMOP2019861","Propylthiouracil 25 MG Oral Tablet [Thyreostat] Box of 50 by Berlin-Chemie","Drug","RxNorm Extension","S","2017-08-23","2099-12-30"
6,"propylthiouracil",40914559,"OMOP2112521","Propylthiouracil 25 MG Oral Tablet [Thyreostat] Box of 50 by Riemser","Drug","RxNorm Extension","S","2017-08-23","2099-12-30"
6,"propylthiouracil",41140483,"OMOP2338445","Propylthiouracil 25 MG [Thyreostat]","Drug","RxNorm Extension","S","2017-08-23","2099-12-30"
6,"propylthiouracil",21171762,"OMOP388913","Propylthiouracil 30 MG/ML","Drug","RxNorm Extension","S","2017-08-23","2099-12-30"
6,"propylthiouracil",21171763,"OMOP388915","Propylthiouracil 30 MG/ML Oral Suspension","Drug","RxNorm Extension","S","2017-08-23","2099-12-30"
6,"propylthiouracil",21112881,"OMOP388897","Propylthiouracil 40 MG/ML","Drug","RxNorm Extension","S","2017-08-23","2099-12-30"
6,"propylthiouracil",21073670,"OMOP388898","Propylthiouracil 40 MG/ML Oral Solution","Drug","RxNorm Extension","S","2017-08-23","2099-12-30"
6,"propylthiouracil",21112882,"OMOP388900","Propylthiouracil 40 MG/ML Oral Suspension","Drug","RxNorm Extension","S","2017-08-23","2099-12-30"
6,"propylthiouracil",21044137,"OMOP388902","Propylthiouracil 4 MG/ML","Drug","RxNorm Extension","S","2017-08-23","2099-12-30"
6,"propylthiouracil",21063755,"OMOP388904","Propylthiouracil 4 MG/ML Oral Solution","Drug","RxNorm Extension","S","2017-08-23","2099-12-30"
6,"propylthiouracil",21162018,"OMOP388906","Propylthiouracil 4 MG/ML Oral Suspension","Drug","RxNorm Extension","S","2017-08-23","2099-12-30"
6,"propylthiouracil",19081884,"316601","propylthiouracil 50 MG","Drug","RxNorm","S","1969-12-31","2099-12-30"
6,"propylthiouracil",42967494,"OMOP4693944","Propylthiouracil 50 MG [ANTIROID]","Drug","RxNorm Extension","S","2018-08-20","2099-12-30"
6,"propylthiouracil",35864356,"OMOP5020895","propylthiouracil 50 MG [Aokangxin]","Drug","RxNorm Extension","S","2020-10-01","2099-12-30"
6,"propylthiouracil",19108527,"436875","propylthiouracil 50 MG Oral Capsule","Drug","RxNorm","S","1969-12-31","2099-12-30"
6,"propylthiouracil",35864355,"OMOP5020894","propylthiouracil 50 MG Oral Capsule [Aokangxin]","Drug","RxNorm Extension","S","2020-10-01","2099-12-30"
6,"propylthiouracil",1554073,"198175","propylthiouracil 50 MG Oral Tablet","Drug","RxNorm","S","1969-12-31","2099-12-30"
6,"propylthiouracil",42967493,"OMOP4693943","Propylthiouracil 50 MG Oral Tablet [ANTIROID]","Drug","RxNorm Extension","S","2018-08-20","2099-12-30"
6,"propylthiouracil",35864770,"OMOP5020893","propylthiouracil 50 MG Oral Tablet [Aokangxin]","Drug","RxNorm Extension","S","2020-10-01","2099-12-30"
6,"propylthiouracil",21152078,"OMOP388881","Propylthiouracil 50 MG Oral Tablet Box of 100","Drug","RxNorm Extension","S","2017-08-23","2099-12-30"
6,"propylthiouracil",21093141,"OMOP388888","Propylthiouracil 50 MG Oral Tablet Box of 100 by A A H","Drug","RxNorm Extension","S","2017-08-23","2099-12-30"
6,"propylthiouracil",21073667,"OMOP388885","Propylthiouracil 50 MG Oral Tablet Box of 100 by Alliance","Drug","RxNorm Extension","S","2017-08-23","2099-12-30"
6,"propylthiouracil",21142265,"OMOP388887","Propylthiouracil 50 MG Oral Tablet Box of 100 by DE","Drug","RxNorm Extension","S","2017-08-23","2099-12-30"
6,"propylthiouracil",21162017,"OMOP388890","Propylthiouracil 50 MG Oral Tablet Box of 100 by Dowelhurst","Drug","RxNorm Extension","S","2017-08-23","2099-12-30"
6,"propylthiouracil",21112880,"OMOP388883","Propylthiouracil 50 MG Oral Tablet Box of 100 by Focus","Drug","RxNorm Extension","S","2017-08-23","2099-12-30"
6,"propylthiouracil",36946166,"OMOP5197057","propylthiouracil 50 MG Oral Tablet Box of 100 by Halewood Chemicals","Drug","RxNorm Extension","S","2023-05-21","2099-12-30"
6,"propylthiouracil",21132310,"OMOP388889","Propylthiouracil 50 MG Oral Tablet Box of 100 by Ivax","Drug","RxNorm Extension","S","2017-08-23","2099-12-30"
6,"propylthiouracil",21083378,"OMOP388884","Propylthiouracil 50 MG Oral Tablet Box of 100 by Kent","Drug","RxNorm Extension","S","2017-08-23","2099-12-30"
6,"propylthiouracil",40749165,"OMOP4708527","Propylthiouracil 50 MG Oral Tablet Box of 100 by Macleods","Drug","RxNorm Extension","S","2018-06-03","2099-12-30"
6,"propylthiouracil",35897645,"OMOP5041882","propylthiouracil 50 MG Oral Tablet Box of 100 by Medihealth","Drug","RxNorm Extension","S","2021-01-31","2099-12-30"
6,"propylthiouracil",36958088,"OMOP5197058","propylthiouracil 50 MG Oral Tablet Box of 100 by Morningside","Drug","RxNorm Extension","S","2023-05-21","2099-12-30"
6,"propylthiouracil",43257300,"OMOP546264","Propylthiouracil 50 MG Oral Tablet Box of 100 by Phebra","Drug","RxNorm Extension","S","2017-08-23","2099-12-30"
6,"propylthiouracil",40749163,"OMOP4708529","Propylthiouracil 50 MG Oral Tablet Box of 100 by RPH","Drug","RxNorm Extension","S","2018-06-03","2099-12-30"
6,"propylthiouracil",40749164,"OMOP4708528","Propylthiouracil 50 MG Oral Tablet Box of 100 by TEVA","Drug","RxNorm Extension","S","2018-06-03","2099-12-30"
6,"propylthiouracil",21142264,"OMOP388886","Propylthiouracil 50 MG Oral Tablet Box of 100 by Waymade","Drug","RxNorm Extension","S","2017-08-23","2099-12-30"
6,"propylthiouracil",21122496,"OMOP388891","Propylthiouracil 50 MG Oral Tablet Box of 100 by Wockhardt","Drug","RxNorm Extension","S","2017-08-23","2099-12-30"
6,"propylthiouracil",41084059,"OMOP2282021","Propylthiouracil 50 MG Oral Tablet Box of 20","Drug","RxNorm Extension","S","2017-08-23","2099-12-30"
6,"propylthiouracil",41115291,"OMOP2313253","Propylthiouracil 50 MG Oral Tablet Box of 200","Drug","RxNorm Extension","S","2017-08-23","2099-12-30"
6,"propylthiouracil",41052457,"OMOP2250419","Propylthiouracil 50 MG Oral Tablet Box of 250","Drug","RxNorm Extension","S","2017-08-23","2099-12-30"
6,"propylthiouracil",43146264,"OMOP451944","Propylthiouracil 50 MG Oral Tablet Box of 30","Drug","RxNorm Extension","S","2017-08-23","2099-12-30"
6,"propylthiouracil",40896757,"OMOP2094719","Propylthiouracil 50 MG Oral Tablet Box of 50","Drug","RxNorm Extension","S","2017-08-23","2099-12-30"
6,"propylthiouracil",21024515,"OMOP388873","Propylthiouracil 50 MG Oral Tablet Box of 56","Drug","RxNorm Extension","S","2017-08-23","2099-12-30"
6,"propylthiouracil",21073666,"OMOP388878","Propylthiouracil 50 MG Oral Tablet Box of 56 by A A H","Drug","RxNorm Extension","S","2017-08-23","2099-12-30"
6,"propylthiouracil",21142263,"OMOP388876","Propylthiouracil 50 MG Oral Tablet Box of 56 by Alliance","Drug","RxNorm Extension","S","2017-08-23","2099-12-30"
6,"propylthiouracil",21112877,"OMOP388877","Propylthiouracil 50 MG Oral Tablet Box of 56 by DE","Drug","RxNorm Extension","S","2017-08-23","2099-12-30"
6,"propylthiouracil",21162016,"OMOP388874","Propylthiouracil 50 MG Oral Tablet Box of 56 by Focus","Drug","RxNorm Extension","S","2017-08-23","2099-12-30"
6,"propylthiouracil",36961364,"OMOP5197055","propylthiouracil 50 MG Oral Tablet Box of 56 by Halewood Chemicals","Drug","RxNorm Extension","S","2023-05-21","2099-12-30"
6,"propylthiouracil",21112878,"OMOP388879","Propylthiouracil 50 MG Oral Tablet Box of 56 by Ivax","Drug","RxNorm Extension","S","2017-08-23","2099-12-30"
6,"propylthiouracil",21073665,"OMOP388875","Propylthiouracil 50 MG Oral Tablet Box of 56 by Kent","Drug","RxNorm Extension","S","2017-08-23","2099-12-30"
6,"propylthiouracil",40749168,"OMOP4708524","Propylthiouracil 50 MG Oral Tablet Box of 56 by Macleods","Drug","RxNorm Extension","S","2018-06-03","2099-12-30"
6,"propylthiouracil",36937487,"OMOP5197056","propylthiouracil 50 MG Oral Tablet Box of 56 by Morningside","Drug","RxNorm Extension","S","2023-05-21","2099-12-30"
6,"propylthiouracil",40749166,"OMOP4708526","Propylthiouracil 50 MG Oral Tablet Box of 56 by RPH","Drug","RxNorm Extension","S","2018-06-03","2099-12-30"
6,"propylthiouracil",40749167,"OMOP4708525","Propylthiouracil 50 MG Oral Tablet Box of 56 by TEVA","Drug","RxNorm Extension","S","2018-06-03","2099-12-30"
6,"propylthiouracil",21112879,"OMOP388880","Propylthiouracil 50 MG Oral Tablet Box of 56 by Wockhardt","Drug","RxNorm Extension","S","2017-08-23","2099-12-30"
6,"propylthiouracil",36272342,"OMOP3123217","Propylthiouracil 50 MG Oral Tablet Box of 60","Drug","RxNorm Extension","S","2017-09-30","2099-12-30"
6,"propylthiouracil",43201416,"OMOP451945","Propylthiouracil 50 MG Oral Tablet Box of 90","Drug","RxNorm Extension","S","2017-08-23","2099-12-30"
6,"propylthiouracil",21162015,"OMOP388868","Propylthiouracil 50 MG Oral Tablet by A A H","Drug","RxNorm Extension","S","2017-08-23","2099-12-30"
6,"propylthiouracil",21132309,"OMOP388865","Propylthiouracil 50 MG Oral Tablet by Alliance","Drug","RxNorm Extension","S","2017-08-23","2099-12-30"
6,"propylthiouracil",21103028,"OMOP388867","Propylthiouracil 50 MG Oral Tablet by DE","Drug","RxNorm Extension","S","2017-08-23","2099-12-30"
6,"propylthiouracil",21122495,"OMOP388870","Propylthiouracil 50 MG Oral Tablet by Dowelhurst","Drug","RxNorm Extension","S","2017-08-23","2099-12-30"
6,"propylthiouracil",21053897,"OMOP388863","Propylthiouracil 50 MG Oral Tablet by Focus","Drug","RxNorm Extension","S","2017-08-23","2099-12-30"
6,"propylthiouracil",36954277,"OMOP5197053","propylthiouracil 50 MG Oral Tablet by Halewood Chemicals","Drug","RxNorm Extension","S","2023-05-21","2099-12-30"
6,"propylthiouracil",2054708,"OMOP4955463","propylthiouracil 50 MG Oral Tablet by Hanlim","Drug","RxNorm Extension","S","2020-07-30","2099-12-30"
6,"propylthiouracil",21024514,"OMOP388869","Propylthiouracil 50 MG Oral Tablet by Ivax","Drug","RxNorm Extension","S","2017-08-23","2099-12-30"
6,"propylthiouracil",21034218,"OMOP388864","Propylthiouracil 50 MG Oral Tablet by Kent","Drug","RxNorm Extension","S","2017-08-23","2099-12-30"
6,"propylthiouracil",40749171,"OMOP4708521","Propylthiouracil 50 MG Oral Tablet by Macleods","Drug","RxNorm Extension","S","2018-06-03","2099-12-30"
6,"propylthiouracil",35897646,"OMOP5041883","propylthiouracil 50 MG Oral Tablet by Medihealth","Drug","RxNorm Extension","S","2021-01-31","2099-12-30"
6,"propylthiouracil",36954588,"OMOP5197054","propylthiouracil 50 MG Oral Tablet by Morningside","Drug","RxNorm Extension","S","2023-05-21","2099-12-30"
6,"propylthiouracil",43284488,"OMOP546263","Propylthiouracil 50 MG Oral Tablet by Phebra","Drug","RxNorm Extension","S","2017-08-23","2099-12-30"
6,"propylthiouracil",40749169,"OMOP4708523","Propylthiouracil 50 MG Oral Tablet by RPH","Drug","RxNorm Extension","S","2018-06-03","2099-12-30"
6,"propylthiouracil",2054709,"OMOP4955464","propylthiouracil 50 MG Oral Tablet by Samnam","Drug","RxNorm Extension","S","2020-07-30","2099-12-30"
6,"propylthiouracil",40749170,"OMOP4708522","Propylthiouracil 50 MG Oral Tablet by TEVA","Drug","RxNorm Extension","S","2018-06-03","2099-12-30"
6,"propylthiouracil",21053898,"OMOP388866","Propylthiouracil 50 MG Oral Tablet by Waymade","Drug","RxNorm Extension","S","2017-08-23","2099-12-30"
6,"propylthiouracil",21112876,"OMOP388872","Propylthiouracil 50 MG Oral Tablet by Wockhardt","Drug","RxNorm Extension","S","2017-08-23","2099-12-30"
6,"propylthiouracil",35143134,"OMOP4800240","Propylthiouracil 50 MG Oral Tablet [Propacil]","Drug","RxNorm Extension","S","2019-03-10","2099-12-30"
6,"propylthiouracil",43725666,"OMOP731321","Propylthiouracil 50 MG Oral Tablet [Propycil]","Drug","RxNorm Extension","S","2017-08-23","2099-12-30"
6,"propylthiouracil",40934575,"OMOP2132537","Propylthiouracil 50 MG Oral Tablet [Propycil] Box of 100","Drug","RxNorm Extension","S","2017-08-23","2099-12-30"
6,"propylthiouracil",41164735,"OMOP2362697","Propylthiouracil 50 MG Oral Tablet [Propycil] Box of 100 by Admeda","Drug","RxNorm Extension","S","2017-08-23","2099-12-30"
6,"propylthiouracil",40883645,"OMOP2081607","Propylthiouracil 50 MG Oral Tablet [Propycil] Box of 100 by Mylan","Drug","RxNorm Extension","S","2017-08-23","2099-12-30"
6,"propylthiouracil",41028073,"OMOP2226035","Propylthiouracil 50 MG Oral Tablet [Propycil] Box of 20","Drug","RxNorm Extension","S","2017-08-23","2099-12-30"
6,"propylthiouracil",41308992,"OMOP2506954","Propylthiouracil 50 MG Oral Tablet [Propycil] Box of 200","Drug","RxNorm Extension","S","2017-08-23","2099-12-30"
6,"propylthiouracil",41039325,"OMOP2237287","Propylthiouracil 50 MG Oral Tablet [Propycil] Box of 200 by Admeda","Drug","RxNorm Extension","S","2017-08-23","2099-12-30"
6,"propylthiouracil",41008251,"OMOP2206213","Propylthiouracil 50 MG Oral Tablet [Propycil] Box of 20 by Admeda","Drug","RxNorm Extension","S","2017-08-23","2099-12-30"
6,"propylthiouracil",41164736,"OMOP2362698","Propylthiouracil 50 MG Oral Tablet [Propycil] Box of 20 by Mylan","Drug","RxNorm Extension","S","2017-08-23","2099-12-30"
6,"propylthiouracil",43761624,"OMOP731333","Propylthiouracil 50 MG Oral Tablet [Propycil] by Admeda","Drug","RxNorm Extension","S","2017-08-23","2099-12-30"
6,"propylthiouracil",43212223,"OMOP451947","Propylthiouracil 50 MG Oral Tablet [PROPYLEX]","Drug","RxNorm Extension","S","2017-08-23","2099-12-30"
6,"propylthiouracil",43201417,"OMOP451948","Propylthiouracil 50 MG Oral Tablet [PROPYLEX] Box of 30","Drug","RxNorm Extension","S","2017-08-23","2099-12-30"
6,"propylthiouracil",43135387,"OMOP451949","Propylthiouracil 50 MG Oral Tablet [PROPYLEX] Box of 30 by Assistance Publique - Hopitaux De Paris - Ap-Hp","Drug","RxNorm Extension","S","2017-08-23","2099-12-30"
6,"propylthiouracil",43212224,"OMOP451950","Propylthiouracil 50 MG Oral Tablet [PROPYLEX] Box of 90","Drug","RxNorm Extension","S","2017-08-23","2099-12-30"
6,"propylthiouracil",43201418,"OMOP451951","Propylthiouracil 50 MG Oral Tablet [PROPYLEX] Box of 90 by Assistance Publique - Hopitaux De Paris - Ap-Hp","Drug","RxNorm Extension","S","2017-08-23","2099-12-30"
6,"propylthiouracil",36262584,"OMOP3113459","Propylthiouracil 50 MG Oral Tablet [Propylthiouracile Takeda]","Drug","RxNorm Extension","S","2017-09-30","2099-12-30"
6,"propylthiouracil",36272772,"OMOP3123647","Propylthiouracil 50 MG Oral Tablet [Propylthiouracile Takeda] Box of 60","Drug","RxNorm Extension","S","2017-09-30","2099-12-30"
6,"propylthiouracil",36273944,"OMOP3124819","Propylthiouracil 50 MG Oral Tablet [Propylthiouracile Takeda] Box of 60 by Takeda","Drug","RxNorm Extension","S","2017-09-30","2099-12-30"
6,"propylthiouracil",44124661,"OMOP1119292","Propylthiouracil 50 MG Oral Tablet [Propyl-Thyracil]","Drug","RxNorm Extension","S","2017-08-23","2099-12-30"
6,"propylthiouracil",44127153,"OMOP1121784","Propylthiouracil 50 MG Oral Tablet [Propyl-Thyracil] by Paladin","Drug","RxNorm Extension","S","2017-08-23","2099-12-30"
6,"propylthiouracil",43273686,"OMOP546265","Propylthiouracil 50 MG Oral Tablet [Ptu]","Drug","RxNorm Extension","S","2017-08-23","2099-12-30"
6,"propylthiouracil",43289888,"OMOP546266","Propylthiouracil 50 MG Oral Tablet [Ptu] Box of 100","Drug","RxNorm Extension","S","2017-08-23","2099-12-30"
6,"propylthiouracil",35146330,"OMOP4803411","Propylthiouracil 50 MG Oral Tablet [Thiuragyl]","Drug","RxNorm Extension","S","2019-03-10","2099-12-30"
6,"propylthiouracil",41028072,"OMOP2226034","Propylthiouracil 50 MG Oral Tablet [Thyreostat]","Drug","RxNorm Extension","S","2017-08-23","2099-12-30"
6,"propylthiouracil",40903341,"OMOP2101303","Propylthiouracil 50 MG Oral Tablet [Thyreostat] Box of 100","Drug","RxNorm Extension","S","2017-08-23","2099-12-30"
6,"propylthiouracil",40976897,"OMOP2174859","Propylthiouracil 50 MG Oral Tablet [Thyreostat] Box of 100 by Riemser","Drug","RxNorm Extension","S","2017-08-23","2099-12-30"
6,"propylthiouracil",41090885,"OMOP2288847","Propylthiouracil 50 MG Oral Tablet [Thyreostat] Box of 250","Drug","RxNorm Extension","S","2017-08-23","2099-12-30"
6,"propylthiouracil",40945943,"OMOP2143905","Propylthiouracil 50 MG Oral Tablet [Thyreostat] Box of 250 by Riemser","Drug","RxNorm Extension","S","2017-08-23","2099-12-30"
6,"propylthiouracil",40841185,"OMOP2039147","Propylthiouracil 50 MG Oral Tablet [Thyreostat] Box of 50","Drug","RxNorm Extension","S","2017-08-23","2099-12-30"
6,"propylthiouracil",41039324,"OMOP2237286","Propylthiouracil 50 MG Oral Tablet [Thyreostat] Box of 50 by Riemser","Drug","RxNorm Extension","S","2017-08-23","2099-12-30"
6,"propylthiouracil",43833840,"OMOP731383","Propylthiouracil 50 MG Oral Tablet [Thyreostat] by Herbrand","Drug","RxNorm Extension","S","2017-08-23","2099-12-30"
6,"propylthiouracil",35161524,"OMOP4818494","Propylthiouracil 50 MG [Propacil]","Drug","RxNorm Extension","S","2019-03-10","2099-12-30"
6,"propylthiouracil",43689896,"OMOP731302","Propylthiouracil 50 MG [Propycil]","Drug","RxNorm Extension","S","2017-08-23","2099-12-30"
6,"propylthiouracil",43135386,"OMOP451943","Propylthiouracil 50 MG [PROPYLEX]","Drug","RxNorm Extension","S","2017-08-23","2099-12-30"
6,"propylthiouracil",36261561,"OMOP3112436","Propylthiouracil 50 MG [Propylthiouracile Takeda]","Drug","RxNorm Extension","S","2017-09-30","2099-12-30"
6,"propylthiouracil",44040969,"OMOP1035600","Propylthiouracil 50 MG [Propyl-Thyracil]","Drug","RxNorm Extension","S","2017-08-23","2099-12-30"
6,"propylthiouracil",43295316,"OMOP546262","Propylthiouracil 50 MG [Ptu]","Drug","RxNorm Extension","S","2017-08-23","2099-12-30"
6,"propylthiouracil",35153106,"OMOP4810136","Propylthiouracil 50 MG [Thiuragyl]","Drug","RxNorm Extension","S","2019-03-10","2099-12-30"
6,"propylthiouracil",40859319,"OMOP2057281","Propylthiouracil 50 MG [Thyreostat]","Drug","RxNorm Extension","S","2017-08-23","2099-12-30"
6,"propylthiouracil",21073671,"OMOP388908","Propylthiouracil 5 MG/ML","Drug","RxNorm Extension","S","2017-08-23","2099-12-30"
6,"propylthiouracil",21034220,"OMOP388909","Propylthiouracil 5 MG/ML Oral Solution","Drug","RxNorm Extension","S","2017-08-23","2099-12-30"
6,"propylthiouracil",21093142,"OMOP388911","Propylthiouracil 5 MG/ML Oral Suspension","Drug","RxNorm Extension","S","2017-08-23","2099-12-30"
6,"propylthiouracil",40077681,"452829","propylthiouracil Oral Capsule","Drug","RxNorm","S","1969-12-31","2099-12-30"
6,"propylthiouracil",35864358,"OMOP5020897","propylthiouracil Oral Capsule [Aokangxin]","Drug","RxNorm Extension","S","2020-10-01","2099-12-30"
6,"propylthiouracil",36218924,"1162944","propylthiouracil Oral Product","Drug","RxNorm","C","2016-07-31","2099-12-30"
6,"propylthiouracil",21063754,"OMOP388860","Propylthiouracil Oral Solution","Drug","RxNorm Extension","S","2017-08-23","2099-12-30"
6,"propylthiouracil",21152077,"OMOP388861","Propylthiouracil Oral Suspension","Drug","RxNorm Extension","S","2017-08-23","2099-12-30"
6,"propylthiouracil",40077682,"373658","propylthiouracil Oral Tablet","Drug","RxNorm","S","1969-12-31","2099-12-30"
6,"propylthiouracil",42967495,"OMOP4693945","Propylthiouracil Oral Tablet [ANTIROID]","Drug","RxNorm Extension","S","2018-08-20","2099-12-30"
6,"propylthiouracil",35864357,"OMOP5020896","propylthiouracil Oral Tablet [Aokangxin]","Drug","RxNorm Extension","S","2020-10-01","2099-12-30"
6,"propylthiouracil",44056738,"OMOP1051369","Propylthiouracil Oral Tablet [Apo-Propylthiouracil]","Drug","RxNorm Extension","S","2017-08-23","2099-12-30"
6,"propylthiouracil",44082444,"OMOP1077075","Propylthiouracil Oral Tablet [Pms-Propylthiouracil]","Drug","RxNorm Extension","S","2017-08-23","2099-12-30"
6,"propylthiouracil",35151908,"OMOP4808950","Propylthiouracil Oral Tablet [Propacil]","Drug","RxNorm Extension","S","2019-03-10","2099-12-30"
6,"propylthiouracil",43779655,"OMOP731270","Propylthiouracil Oral Tablet [Propycil]","Drug","RxNorm Extension","S","2017-08-23","2099-12-30"
6,"propylthiouracil",43157530,"OMOP451942","Propylthiouracil Oral Tablet [PROPYLEX]","Drug","RxNorm Extension","S","2017-08-23","2099-12-30"
6,"propylthiouracil",36266990,"OMOP3117865","Propylthiouracil Oral Tablet [Propylthiouracile Takeda]","Drug","RxNorm Extension","S","2017-09-30","2099-12-30"
6,"propylthiouracil",44121333,"OMOP1115964","Propylthiouracil Oral Tablet [Propyl-Thyracil]","Drug","RxNorm Extension","S","2017-08-23","2099-12-30"
6,"propylthiouracil",2054710,"OMOP4955465","propylthiouracil Oral Tablet [PRORACIL]","Drug","RxNorm Extension","S","2020-07-30","2099-12-30"
6,"propylthiouracil",43284487,"OMOP546261","Propylthiouracil Oral Tablet [Ptu]","Drug","RxNorm Extension","S","2017-08-23","2099-12-30"
6,"propylthiouracil",35161136,"OMOP4818110","Propylthiouracil Oral Tablet [Thiuragyl]","Drug","RxNorm Extension","S","2019-03-10","2099-12-30"
6,"propylthiouracil",40893918,"OMOP2091880","Propylthiouracil Oral Tablet [Thyreostat]","Drug","RxNorm Extension","S","2017-08-23","2099-12-30"
6,"propylthiouracil",36218925,"1162945","propylthiouracil Pill","Drug","RxNorm","C","2016-07-31","2099-12-30"
6,"propylthiouracil",40749172,"OMOP4708520","Propylthiouracil Rectal Suppository","Drug","RxNorm Extension","S","2018-06-03","2099-12-30"